louisvuitton,Undirected
chanel,look
fashion,wearing
collection,get
show,make
dior,want
?€?,would
love,thank
jeffreestar,got
bag,go
jisoo,made
time,take
style,see
week,let
day,know
louis,could
today,buy
woman,getting
march,think
model,watch
vuitton,Undirected
c,shine
house,set
beauty,inspired
l,seen
way,need
grazia,jennie
dress,come
bench,looking
ambassador,wear
outfit,ygofficialblink
year,feel
girl,"dioraw20,Undirected"
life,going
photo,stop
t,designed
gucci,"???,Undirected"
issue,blackpink
people,crush
need,tell
world,presented
design,may
thing,s
store,dressed
men,pdjstyling
thanks,give
makeup,wait
coco,said
complexsneakers,making
man,show
video,start
brand,brought
drjoeabah,addict
u,posted
son,discover
voguemagazine,imagine
maria,gon
spring,seems
discover,try
jichucharts,die
???,wish
runway,attending
britishvogue,featuring
para,fashionweek
star,wore
followwestwood,created
voguekorea,walk
vogue,meet
homme,released
director,based
work,stole
air,link
money,fall
halo,sitting
los,photographed
jacket,"lvfw20,Undirected"
jones,sent
dans,????
omg,trying
color,pull
designer,boying
une,streaming
montblancworld,louisvuitton
product,clash
shoe,attended
readytowear,kristen
part,needed
jordan,setting
film,pairing
nicolas,quilted
por,worn
robert,carry
baby,invite
springsummer,decide
artist,caught
grace,"jumpman23,Undirected"
queen,htt
m,pick
dream,celebrating
magazine,read
